[{
  "id": 1,
  "first_name": "Enriqueta",
  "last_name": "04.01.2021",
  "email": "emacmickan0@bandcamp.com",
  "ContactNum": "8951010764",
  "AlternateNum": "8951010764",
  "Officilemail": "anand.h@testyantra.com",
"gender":"Male",
"DateofBirth": "04.01.1991",
  "Yearofpass": "2016",
  "Stream" : "electronics and communication",
  "Higherqualify" : "B.E",
  "Dateofjoin": "04.01.2021",
  "Expirience" : "2.8",
  "Skillonfrondend": "html, css, js",
  "Skillonbackend": "php",
"CompanyName":"Xcomponay",
"cfrom":"20.10.2018",
"cto":"10.09.2019",
  "Permanentaddress": "vijayanagar",
  "Tempaddress": "vijayanagar Rpc layout",
  "City": "bangalore",
  "State" : "karnataka",
  "Pincode":"586104"
},
{

  "id": 2,
  "first_name": "Scott",
  "last_name": "20.10.2020",
  "email": "scott@gmail.com",
  "ContactNum": "9876543210",
  "AlternateNum": "9765432145",
  "Officilemail": "scott@companyname.com",
"gender":"Male",
"DateofBirth": "04.01.1991",
  "Yearofpass": "2015",
  "Stream" : "electronics and communication",

  "Higherqualify" : "B.E",
  "Dateofjoin": "02.02.2021",
  "Expirience" : "1.0",
  "Skillonfrondend": "html, css, js",
  "Skillonbackend": "Core java",
"CompanyName":"Xcomponay",
"cfrom":"20.10.2018",
"cto":"10.09.2019",
  "Permanentaddress": "Gandhi bazar",
  "Tempaddress": "chamarajpet",
  "City": "bangalore",
  "State" : "karnataka",
  "Pincode":"560002"

},
{

  "id": 3,
  "first_name": "Edison",
  "last_name": "10.08.2017",
  "email": "edison@gmail.com",
  "ContactNum": "9654545699",
  "AlternateNum": "9343772510",
  "Officilemail": "edison@companyname.com",
"gender":"Male",
"DateofBirth": "04.01.1991",
  "Yearofpass": "2018",
  "Stream" : "electronics and communication",

  "Higherqualify" : "B.E",
  "Dateofjoin": "04.12.2019",
  "Expirience" : "1.5",
  "Skillonfrondend": "html, css, js,reactjs",
  "Skillonbackend": "Core java,J2EE",
"CompanyName":"Xcomponay",
"cfrom":"20.10.2018",
"cto":"10.09.2019",
  "Permanentaddress": "Jayanagar",
  "Tempaddress": "chamarajpet",
  "City": "bangalore",
  "State" : "karnataka",
  "Pincode":"560002"

},
{

  "id": 4,
  "first_name": "Vijay",
  "last_name": "16.08.2020",
  "email": "vijay@gmail.com",
  "ContactNum": "9822543210",
  "AlternateNum": "9722432145",
  "Officilemail": "Vijay@companyname.com",
"gender":"Male",
"DateofBirth": "29.08.1991",
  "Yearofpass": "2015",
  "Stream" : "electronics and communication",

  "Higherqualify" : "B.E",
  "Dateofjoin": "02.12.2020",
  "Expirience" : "0.9",
  "Skillonfrondend": "html, css, js",
  "Skillonbackend": "C,C++",
"CompanyName":"Jcomponay",
"cfrom":"11.10.2018",
"cto":"11.09.2019",
  "Permanentaddress": "AP",
  "Tempaddress": "lakkasandra",
  "City": "bangalore",
  "State" : "karnataka",
  "Pincode":"560034"

},
{

  "id": 5,
  "first_name": "Nadiya",
  "last_name": "23.11.2020",
  "email": "Nadiya@gmail.com",
  "ContactNum": "9876543211",
  "AlternateNum": "9765432143",
  "Officilemail": "Nadiya@companyname.com",
"gender":"Female",
"DateofBirth": "30.06.1991",
  "Yearofpass": "2015",
  "Stream" : "electronics and communication",

  "Higherqualify" : "B.E",
  "Dateofjoin": "23.01.2021",
  "Expirience" : "3.3",
  "Skillonfrondend": "html, css, js,VueJs",
  "Skillonbackend": "Core java,J2EE,Spring",
"CompanyName":"Hcomponay",
"cfrom":"30.10.2018",
"cto":"30.08.2020",
  "Permanentaddress": "Goa",
  "Tempaddress": "Kumarswamy Layout",
  "City": "bangalore",
  "State" : "karnataka",
  "Pincode":"560055"

},
{

  "id": 6,
  "first_name": "Viha",
  "last_name": "11.05.2020",
  "email": "viha@gmail.com",
  "ContactNum": "9876003210",
  "AlternateNum": "970032145",
  "Officilemail": "Viha@companyname.com",
"gender":"Female",
"DateofBirth": "09.06.1994",
  "Yearofpass": "2017",
  "Stream" : "electronics and communication",

  "Higherqualify" : "B.E",
  "Dateofjoin": "15.07.2021",
  "Expirience" : "1.1",
  "Skillonfrondend": "html",
  "Skillonbackend": "Python",
"CompanyName":"Gcomponay",
"cfrom":"02.01.2018",
"cto":"10.09.2019",
  "Permanentaddress": "kolkata",
  "Tempaddress": "Mysore Circle",
  "City": "bangalore",
  "State" : "karnataka",
  "Pincode":"560076"

},
{

  "id": 7,
  "first_name": "Rooban",
  "last_name": "08.06.2020",
  "email": "rooban@gmail.com",
  "ContactNum": "9116543210",
  "AlternateNum": "9225432145",
  "Officilemail": "Rooban@companyname.com",
"gender":"Male",
"DateofBirth": "13.09.1991",
  "Yearofpass": "2015",
  "Stream" : "electronics and communication",

  "Higherqualify" : "B.E",
  "Dateofjoin": "09.02.2021",
  "Expirience" : "1.6",
  "Skillonfrondend": "none",
  "Skillonbackend": "Python",
"CompanyName":"Ecomponay",
"cfrom":"29.11.2018",
"cto":"18.07.2019",
  "Permanentaddress": "Hosur",
  "Tempaddress": "Electronicity",
  "City": "bangalore",
  "State" : "karnataka",
  "Pincode":"560008"

},
{

  "id": 8,
  "first_name": "Moshika",
  "last_name": "14.04.2020",
  "email": "Moshika@gmail.com",
  "ContactNum": "9876543211",
  "AlternateNum": "9965432145",
  "Officilemail": "Moshika@companyname.com",
"gender":"Female",
"DateofBirth": "04.01.1998",
  "Yearofpass": "2014",
  "Stream" : "electronics and communication",

  "Higherqualify" : "B.E",
  "Dateofjoin": "08.02.2021",
  "Expirience" : "1.9",
  "Skillonfrondend": "html, css",
  "Skillonbackend": ".Net",
"CompanyName":"Dcomponay",
"cfrom":"20.10.2018",
"cto":"09.09.2020",
  "Permanentaddress": "Delhi",
  "Tempaddress": "NR colony",
  "City": "bangalore",
  "State" : "karnataka",
  "Pincode":"560012"

},{

  "id": 9,
  "first_name": "Veeksha",
  "last_name": "19.08.2020",
  "email": "veeksha@gmail.com",
  "ContactNum": "9866543210",
  "AlternateNum": "9765732145",
  "Officilemail": "Veeksha@companyname.com",
"gender":"Female",
"DateofBirth": "20.10.1990",
  "Yearofpass": "2013",
  "Stream" : "electronics and communication",

  "Higherqualify" : "B.E",
  "Dateofjoin": "20.01.2021",
  "Expirience" : "2.2",
  "Skillonfrondend": "html, css",
  "Skillonbackend": "Python",
"CompanyName":"Ccomponay",
"cfrom":"10.10.2017",
"cto":"13.05.2019",
  "Permanentaddress": "Pondicherry",
  "Tempaddress": "Srinagar",
  "City": "bangalore",
  "State" : "karnataka",
  "Pincode":"560042"

},
{

  "id": 10,
  "first_name": "Gunapal",
  "last_name": "22.09.2020",
  "email": "gunapal@gmail.com",
  "ContactNum": "9876543110",
  "AlternateNum": "9765432115",
  "Officilemail": "gunapl@companyname.com",
"gender":"Male",
"DateofBirth": "01.03.1990",
  "Yearofpass": "2014",
  "Stream" : "electronics and communication",

  "Higherqualify" : "B.E",
  "Dateofjoin": "03.03.2021",
  "Expirience" : "2.0",
  "Skillonfrondend": "html, css, js,Reactjs",
  "Skillonbackend": "Python",
"CompanyName":"Bcomponay",
"cfrom":"20.10.2018",
"cto":"11.09.2020",
  "Permanentaddress": "Chennai",
  "Tempaddress": "Girinagar",
  "City": "bangalore",
  "State" : "karnataka",
  "Pincode":"560062"

},
{

  "id": 11,
  "first_name": "Anand",
  "last_name": "07.07.2020",
  "email": "Anand@gmail.com",
  "ContactNum": "9876553210",
  "AlternateNum": "9765433145",
  "Officilemail": "Anand@companyname.com",
"gender":"Male",
"DateofBirth": "05.05.1995",
  "Yearofpass": "2018",
  "Stream" : "electronics and communication",

  "Higherqualify" : "B.E",
  "Dateofjoin": "03.04.2020",
  "Expirience" : "0.8",
  "Skillonfrondend": "html, css, js,Angular",
  "Skillonbackend": "Core java,J2EE",
"CompanyName":"Acomponay",
"cfrom":"21.11.2018",
"cto":"11.09.2019",
  "Permanentaddress": "Mangalore",
  "Tempaddress": "chamarajpet",
  "City": "bangalore",
  "State" : "karnataka",
  "Pincode":"560002"

},
{

  "id": 12,
  "first_name": "Navya",
  "last_name": "18.12.2020",
  "email": "Navya@gmail.com",
  "ContactNum": "9886543210",
  "AlternateNum": "9775432145",
  "Officilemail": "Navya@companyname.com",
"gender":"Female",
"DateofBirth": "16.01.1990",
  "Yearofpass": "2016",
  "Stream" : "electronics and communication",

  "Higherqualify" : "B.E",
  "Dateofjoin": "02.01.2021",
  "Expirience" : "1.8",
  "Skillonfrondend": "html, css",
  "Skillonbackend": "Ruby",
"CompanyName":"Zcomponay",
"cfrom":"30.12.2019",
"cto":"11.01.2020",
  "Permanentaddress": "Mysore",
  "Tempaddress": "Btm",
  "City": "bangalore",
  "State" : "karnataka",
  "Pincode":"560022"

},
{

  "id": 13,
  "first_name": "Sushma",
  "last_name": "02.11.2018",
  "email": "susham@gmail.com",
  "ContactNum": "9871234567",
  "AlternateNum": "9998877665",
  "Officilemail": "sushma@companyname.com",
"gender":"Female",
"DateofBirth": "14.01.1992",
  "Yearofpass": "2017",
  "Stream" : "electronics and communication",

  "Higherqualify" : "B.E",
  "Dateofjoin": "17.03.2020",
  "Expirience" : "0.5",
  "Skillonfrondend": "html, css, js",
  "Skillonbackend": "Core java,sql",
"CompanyName":"Ycomponay",
"cfrom":"18.11.2018",
"cto":"09.07.2019",
  "Permanentaddress": "Hampi",
  "Tempaddress": "Jayanagar",
  "City": "bangalore",
  "State" : "karnataka",
  "Pincode":"560056"

}]